,project,explainer,model,score
18376,apache_camel,LIME,RF,1.497501078697088e-16
18909,apache_camel,LIME,RF,1.497501078697088e-16
19102,apache_camel,LIME,RF,0.6601550482987756
19125,apache_camel,LIME,RF,1.497501078697088e-16
19142,apache_camel,LIME,RF,1.0
19184,apache_camel,LIME,RF,1.0
19236,apache_camel,LIME,RF,1.497501078697088e-16
19565,apache_camel,LIME,RF,0.7607298872296102
20180,apache_camel,LIME,RF,1.497501078697088e-16
20249,apache_camel,LIME,RF,0.4110776130218697
20570,apache_camel,LIME,RF,1.497501078697088e-16
18915,apache_camel,LIME,RF,0.4072412552481513
21934,apache_camel,LIME,RF,1.497501078697088e-16
19634,apache_camel,LIME,RF,0.6061091578477654
21395,apache_camel,LIME,RF,0.2893821520240121
22227,apache_camel,LIME,RF,0.5476236915792494
21445,apache_camel,LIME,RF,0.48300889784192164
19000,apache_camel,LIME,RF,0.7941633183662228
18896,apache_camel,LIME,RF,0.06441387825010403
4914,apache_activemq,LIME,RF,1.0
4911,apache_activemq,LIME,RF,0.6968883263464839
4919,apache_activemq,LIME,RF,0.6039698828336195
4971,apache_activemq,LIME,RF,0.5333333333333332
4993,apache_activemq,LIME,RF,0.0
5027,apache_activemq,LIME,RF,1.0
4961,apache_activemq,LIME,RF,0.9730044895341379
4905,apache_activemq,LIME,RF,0.5321691267535656
5049,apache_activemq,LIME,RF,0.7466666666666666
4965,apache_activemq,LIME,RF,0.9678356560024745
5051,apache_activemq,LIME,RF,0.5333333333333332
5057,apache_activemq,LIME,RF,0.5333333333333332
5052,apache_activemq,LIME,RF,0.0
4974,apache_activemq,LIME,RF,1.0
4987,apache_activemq,LIME,RF,0.717179657130622
4978,apache_activemq,LIME,RF,0.844553295191854
5060,apache_activemq,LIME,RF,0.7466666666666666
5077,apache_activemq,LIME,RF,0.0
5002,apache_activemq,LIME,RF,1.0
5089,apache_activemq,LIME,RF,0.0
5087,apache_activemq,LIME,RF,0.0
5028,apache_activemq,LIME,RF,0.8238456569124076
5090,apache_activemq,LIME,RF,0.7466666666666666
5094,apache_activemq,LIME,RF,0.5203432836720414
5169,apache_activemq,LIME,RF,0.0
5170,apache_activemq,LIME,RF,0.6039698828336195
5180,apache_activemq,LIME,RF,1.0
5171,apache_activemq,LIME,RF,0.6968883263464839
5245,apache_activemq,LIME,RF,0.2133333333333333
5251,apache_activemq,LIME,RF,0.5333333333333332
5250,apache_activemq,LIME,RF,0.5203432836720414
5138,apache_activemq,LIME,RF,0.6140413001002681
5187,apache_activemq,LIME,RF,1.0
5214,apache_activemq,LIME,RF,1.0
5236,apache_activemq,LIME,RF,0.9862072463289191
5294,apache_activemq,LIME,RF,0.8666666666666667
5249,apache_activemq,LIME,RF,1.0
5321,apache_activemq,LIME,RF,0.0
5337,apache_activemq,LIME,RF,1.0
5274,apache_activemq,LIME,RF,0.4584841707415335
5356,apache_activemq,LIME,RF,0.6490006455640921
5379,apache_activemq,LIME,RF,1.0
5322,apache_activemq,LIME,RF,0.8311177190834353
5386,apache_activemq,LIME,RF,0.0
5389,apache_activemq,LIME,RF,0.7466666666666666
5416,apache_activemq,LIME,RF,0.1066666666666666
5390,apache_activemq,LIME,RF,0.7466666666666666
5424,apache_activemq,LIME,RF,0.8666666666666667
5437,apache_activemq,LIME,RF,0.6968883263464839
5283,apache_activemq,LIME,RF,0.8006350822330139
5441,apache_activemq,LIME,RF,0.6387210138635131
5438,apache_activemq,LIME,RF,0.7210217169924237
5444,apache_activemq,LIME,RF,1.0
5499,apache_activemq,LIME,RF,0.6968883263464839
5523,apache_activemq,LIME,RF,0.8666666666666667
5466,apache_activemq,LIME,RF,1.0
5528,apache_activemq,LIME,RF,1.0
5564,apache_activemq,LIME,RF,0.0
5583,apache_activemq,LIME,RF,0.0
5577,apache_activemq,LIME,RF,0.0
5585,apache_activemq,LIME,RF,0.5333333333333332
5594,apache_activemq,LIME,RF,0.9453136373441555
5630,apache_activemq,LIME,RF,1.0
5634,apache_activemq,LIME,RF,0.0
5129,apache_activemq,LIME,RF,0.7762490778103872
5706,apache_activemq,LIME,RF,0.0743347548102916
5717,apache_activemq,LIME,RF,0.4460085288617498
5729,apache_activemq,LIME,RF,0.0
5599,apache_activemq,LIME,RF,0.9122924718733759
5760,apache_activemq,LIME,RF,0.6968883263464839
5684,apache_activemq,LIME,RF,0.7210217169924237
5770,apache_activemq,LIME,RF,0.6968883263464839
5774,apache_activemq,LIME,RF,0.0
5811,apache_activemq,LIME,RF,1.0
5815,apache_activemq,LIME,RF,0.0
5817,apache_activemq,LIME,RF,0.7466666666666666
5859,apache_activemq,LIME,RF,0.8666666666666667
5790,apache_activemq,LIME,RF,0.717179657130622
5871,apache_activemq,LIME,RF,0.0
5909,apache_activemq,LIME,RF,0.8666666666666667
5784,apache_activemq,LIME,RF,0.5319828229915126
5985,apache_activemq,LIME,RF,0.717179657130622
5988,apache_activemq,LIME,RF,1.0
5257,apache_activemq,LIME,RF,0.36215634106302474
5936,apache_activemq,LIME,RF,0.5
6003,apache_activemq,LIME,RF,1.0
5918,apache_activemq,LIME,RF,0.5752206289593766
5319,apache_activemq,LIME,RF,0.7841135072532696
5481,apache_activemq,LIME,RF,0.7841135072532696
5486,apache_activemq,LIME,RF,0.7479917894773925
5299,apache_activemq,LIME,RF,0.6532536098825822
6527,apache_cassandra,LIME,RF,0.5050560764846479
6531,apache_cassandra,LIME,RF,0.5050560764846479
6537,apache_cassandra,LIME,RF,0.0
6532,apache_cassandra,LIME,RF,0.6215331853485995
6543,apache_cassandra,LIME,RF,0.0
6540,apache_cassandra,LIME,RF,0.551821208668038
6544,apache_cassandra,LIME,RF,0.551821208668038
6547,apache_cassandra,LIME,RF,0.0
6550,apache_cassandra,LIME,RF,0.0
6551,apache_cassandra,LIME,RF,0.0
6553,apache_cassandra,LIME,RF,0.0
6555,apache_cassandra,LIME,RF,0.0
6556,apache_cassandra,LIME,RF,0.0
6564,apache_cassandra,LIME,RF,0.0
6563,apache_cassandra,LIME,RF,0.49843038647032395
6580,apache_cassandra,LIME,RF,0.6538086303939964
6529,apache_cassandra,LIME,RF,0.5367860354541292
6582,apache_cassandra,LIME,RF,0.7771649200220628
6584,apache_cassandra,LIME,RF,0.5509984280715995
6585,apache_cassandra,LIME,RF,0.04203606084483281
6586,apache_cassandra,LIME,RF,0.551821208668038
6587,apache_cassandra,LIME,RF,0.0
6590,apache_cassandra,LIME,RF,0.0
6593,apache_cassandra,LIME,RF,0.0
6594,apache_cassandra,LIME,RF,0.0
6596,apache_cassandra,LIME,RF,0.0
6569,apache_cassandra,LIME,RF,0.6124155835717868
6533,apache_cassandra,LIME,RF,0.7211167763211739
6608,apache_cassandra,LIME,RF,0.0
6610,apache_cassandra,LIME,RF,0.0
6530,apache_cassandra,LIME,RF,0.4416371779345855
6612,apache_cassandra,LIME,RF,0.7238657761169282
6619,apache_cassandra,LIME,RF,0.0
6546,apache_cassandra,LIME,RF,0.3892055033325167
6545,apache_cassandra,LIME,RF,0.3892055033325167
6632,apache_cassandra,LIME,RF,0.0
6637,apache_cassandra,LIME,RF,0.0
6638,apache_cassandra,LIME,RF,0.0
6639,apache_cassandra,LIME,RF,0.5021336161316597
6559,apache_cassandra,LIME,RF,0.39105931847556796
6643,apache_cassandra,LIME,RF,0.6801746025508033
6644,apache_cassandra,LIME,RF,0.0
6642,apache_cassandra,LIME,RF,0.4423208048617924
6656,apache_cassandra,LIME,RF,0.35861198490917917
6659,apache_cassandra,LIME,RF,0.551821208668038
6599,apache_cassandra,LIME,RF,0.6145461590440388
6671,apache_cassandra,LIME,RF,0.0
6581,apache_cassandra,LIME,RF,0.40866001062733465
6675,apache_cassandra,LIME,RF,0.0
6611,apache_cassandra,LIME,RF,0.5829528728509408
6682,apache_cassandra,LIME,RF,0.0
6683,apache_cassandra,LIME,RF,0.0
6690,apache_cassandra,LIME,RF,0.0
6691,apache_cassandra,LIME,RF,0.0
6692,apache_cassandra,LIME,RF,0.0
6696,apache_cassandra,LIME,RF,0.0
6604,apache_cassandra,LIME,RF,0.3892055033325167
6707,apache_cassandra,LIME,RF,0.0
6710,apache_cassandra,LIME,RF,0.0
6700,apache_cassandra,LIME,RF,0.5182777062174656
6718,apache_cassandra,LIME,RF,0.40093495458604783
6732,apache_cassandra,LIME,RF,0.0
6733,apache_cassandra,LIME,RF,0.5974087652237637
6734,apache_cassandra,LIME,RF,0.0
6745,apache_cassandra,LIME,RF,0.0
6750,apache_cassandra,LIME,RF,0.0
6755,apache_cassandra,LIME,RF,0.7771649200220628
6621,apache_cassandra,LIME,RF,0.7227134230453381
6620,apache_cassandra,LIME,RF,0.7592502991201446
6766,apache_cassandra,LIME,RF,0.551821208668038
6758,apache_cassandra,LIME,RF,0.45842496440778674
6773,apache_cassandra,LIME,RF,0.0
6775,apache_cassandra,LIME,RF,0.0
6776,apache_cassandra,LIME,RF,0.0
6670,apache_cassandra,LIME,RF,0.8110490675800242
6728,apache_cassandra,LIME,RF,0.18172807055531703
6781,apache_cassandra,LIME,RF,0.04203606084483281
6681,apache_cassandra,LIME,RF,0.7227134230453381
6794,apache_cassandra,LIME,RF,0.64245464300374
6646,apache_cassandra,LIME,RF,0.497429525466421
6797,apache_cassandra,LIME,RF,0.0
6795,apache_cassandra,LIME,RF,0.0
6791,apache_cassandra,LIME,RF,0.45842496440778674
6798,apache_cassandra,LIME,RF,0.5630077879758737
6818,apache_cassandra,LIME,RF,0.7771649200220628
6672,apache_cassandra,LIME,RF,0.7592502991201446
6825,apache_cassandra,LIME,RF,0.0
6772,apache_cassandra,LIME,RF,0.5367860354541292
6778,apache_cassandra,LIME,RF,0.5857818770404357
6832,apache_cassandra,LIME,RF,0.5028833994040263
6841,apache_cassandra,LIME,RF,0.551821208668038
6843,apache_cassandra,LIME,RF,0.0
6802,apache_cassandra,LIME,RF,0.5577413940273563
6846,apache_cassandra,LIME,RF,0.7238657761169282
6847,apache_cassandra,LIME,RF,0.05920205920205926
6814,apache_cassandra,LIME,RF,0.7211167763211739
6853,apache_cassandra,LIME,RF,0.0
6855,apache_cassandra,LIME,RF,0.0
6859,apache_cassandra,LIME,RF,0.0
6861,apache_cassandra,LIME,RF,0.0
6877,apache_cassandra,LIME,RF,0.0
6765,apache_cassandra,LIME,RF,0.40866001062733465
6886,apache_cassandra,LIME,RF,0.0
6881,apache_cassandra,LIME,RF,0.0
6890,apache_cassandra,LIME,RF,0.0
6891,apache_cassandra,LIME,RF,0.0
6894,apache_cassandra,LIME,RF,0.0
6887,apache_cassandra,LIME,RF,0.3988489047752558
6896,apache_cassandra,LIME,RF,0.5607908132304649
6903,apache_cassandra,LIME,RF,0.04203606084483281
6905,apache_cassandra,LIME,RF,0.0
6907,apache_cassandra,LIME,RF,0.0
6910,apache_cassandra,LIME,RF,0.0
6829,apache_cassandra,LIME,RF,0.03364257660159368
6915,apache_cassandra,LIME,RF,1.0
6916,apache_cassandra,LIME,RF,0.0
6819,apache_cassandra,LIME,RF,0.3892055033325167
6919,apache_cassandra,LIME,RF,0.0
6922,apache_cassandra,LIME,RF,0.0
6927,apache_cassandra,LIME,RF,0.0
6929,apache_cassandra,LIME,RF,0.0
6930,apache_cassandra,LIME,RF,0.0
6834,apache_cassandra,LIME,RF,0.7592502991201446
6935,apache_cassandra,LIME,RF,0.551821208668038
6933,apache_cassandra,LIME,RF,0.09546078691884777
6936,apache_cassandra,LIME,RF,0.09546078691884777
6898,apache_cassandra,LIME,RF,0.5857818770404357
6945,apache_cassandra,LIME,RF,0.0
6948,apache_cassandra,LIME,RF,0.04203606084483281
6952,apache_cassandra,LIME,RF,0.0
6953,apache_cassandra,LIME,RF,0.473269691672096
6957,apache_cassandra,LIME,RF,0.551821208668038
6958,apache_cassandra,LIME,RF,0.0
6959,apache_cassandra,LIME,RF,1.0
6961,apache_cassandra,LIME,RF,0.8753447324875897
6963,apache_cassandra,LIME,RF,0.0
6964,apache_cassandra,LIME,RF,0.551821208668038
6966,apache_cassandra,LIME,RF,0.0
6968,apache_cassandra,LIME,RF,0.8368130336263397
6784,apache_cassandra,LIME,RF,0.49370280257823185
6970,apache_cassandra,LIME,RF,0.0
6972,apache_cassandra,LIME,RF,0.551821208668038
6845,apache_cassandra,LIME,RF,0.7211167763211739
6980,apache_cassandra,LIME,RF,0.0
6979,apache_cassandra,LIME,RF,0.0
6984,apache_cassandra,LIME,RF,0.0
6989,apache_cassandra,LIME,RF,0.7298779659340598
6991,apache_cassandra,LIME,RF,0.0
6990,apache_cassandra,LIME,RF,0.0
6999,apache_cassandra,LIME,RF,1.0
7000,apache_cassandra,LIME,RF,0.0
6951,apache_cassandra,LIME,RF,0.0
7007,apache_cassandra,LIME,RF,0.0
7008,apache_cassandra,LIME,RF,0.0
7011,apache_cassandra,LIME,RF,0.0
6975,apache_cassandra,LIME,RF,0.45842496440778674
6937,apache_cassandra,LIME,RF,0.09546078691884777
7025,apache_cassandra,LIME,RF,0.0
7034,apache_cassandra,LIME,RF,0.0
7035,apache_cassandra,LIME,RF,0.45842496440778674
7036,apache_cassandra,LIME,RF,0.5607908132304649
7041,apache_cassandra,LIME,RF,0.0
7044,apache_cassandra,LIME,RF,0.7771649200220628
7045,apache_cassandra,LIME,RF,0.0
7051,apache_cassandra,LIME,RF,0.0
7052,apache_cassandra,LIME,RF,0.0
7037,apache_cassandra,LIME,RF,0.45842496440778674
7064,apache_cassandra,LIME,RF,0.0
6918,apache_cassandra,LIME,RF,0.7592502991201446
7075,apache_cassandra,LIME,RF,0.0
7005,apache_cassandra,LIME,RF,0.48133941895129934
7086,apache_cassandra,LIME,RF,0.0
7089,apache_cassandra,LIME,RF,0.0
7098,apache_cassandra,LIME,RF,0.0
7074,apache_cassandra,LIME,RF,0.45842496440778674
6992,apache_cassandra,LIME,RF,0.19907939221007082
7105,apache_cassandra,LIME,RF,0.0
7107,apache_cassandra,LIME,RF,0.0
7100,apache_cassandra,LIME,RF,0.0
7108,apache_cassandra,LIME,RF,0.0
7117,apache_cassandra,LIME,RF,0.0
7054,apache_cassandra,LIME,RF,0.11821777281572662
7121,apache_cassandra,LIME,RF,0.0
7129,apache_cassandra,LIME,RF,0.0
7102,apache_cassandra,LIME,RF,0.0811733365807696
7131,apache_cassandra,LIME,RF,0.0
6851,apache_cassandra,LIME,RF,0.16901958022366423
7136,apache_cassandra,LIME,RF,0.0
7137,apache_cassandra,LIME,RF,0.0
7140,apache_cassandra,LIME,RF,0.5050560764846479
7146,apache_cassandra,LIME,RF,0.0
7148,apache_cassandra,LIME,RF,0.0
7015,apache_cassandra,LIME,RF,0.3892055033325167
7153,apache_cassandra,LIME,RF,0.0
7154,apache_cassandra,LIME,RF,0.0
7156,apache_cassandra,LIME,RF,0.8817520843589719
7161,apache_cassandra,LIME,RF,0.0
7165,apache_cassandra,LIME,RF,0.0
7166,apache_cassandra,LIME,RF,0.0
7167,apache_cassandra,LIME,RF,0.0
7175,apache_cassandra,LIME,RF,0.551821208668038
7130,apache_cassandra,LIME,RF,0.3892055033325167
7182,apache_cassandra,LIME,RF,0.0
7184,apache_cassandra,LIME,RF,0.0
7186,apache_cassandra,LIME,RF,0.7771649200220628
7188,apache_cassandra,LIME,RF,0.04203606084483281
7189,apache_cassandra,LIME,RF,0.0
7192,apache_cassandra,LIME,RF,0.7771649200220628
7193,apache_cassandra,LIME,RF,0.7771649200220628
7135,apache_cassandra,LIME,RF,0.0
7081,apache_cassandra,LIME,RF,0.45458601708781016
7151,apache_cassandra,LIME,RF,0.4416371779345855
7123,apache_cassandra,LIME,RF,0.45458601708781016
7209,apache_cassandra,LIME,RF,0.0
7210,apache_cassandra,LIME,RF,0.0
7212,apache_cassandra,LIME,RF,0.45842496440778674
7217,apache_cassandra,LIME,RF,0.7277128458484867
7219,apache_cassandra,LIME,RF,0.0
7221,apache_cassandra,LIME,RF,0.7771649200220628
7222,apache_cassandra,LIME,RF,0.0
7223,apache_cassandra,LIME,RF,0.0
7120,apache_cassandra,LIME,RF,0.579481878792008
7227,apache_cassandra,LIME,RF,0.0
7247,apache_cassandra,LIME,RF,0.04203606084483281
7176,apache_cassandra,LIME,RF,0.0
7250,apache_cassandra,LIME,RF,0.0
7259,apache_cassandra,LIME,RF,0.0
7249,apache_cassandra,LIME,RF,0.5250883939429946
7201,apache_cassandra,LIME,RF,0.7211167763211739
7194,apache_cassandra,LIME,RF,0.3892055033325167
7269,apache_cassandra,LIME,RF,0.3671630814487957
7271,apache_cassandra,LIME,RF,0.8241511427875439
7272,apache_cassandra,LIME,RF,0.0
7273,apache_cassandra,LIME,RF,0.8891032979189332
7202,apache_cassandra,LIME,RF,0.3892055033325167
7279,apache_cassandra,LIME,RF,0.0
7280,apache_cassandra,LIME,RF,0.1355028497885641
7204,apache_cassandra,LIME,RF,0.0
7282,apache_cassandra,LIME,RF,0.0
7283,apache_cassandra,LIME,RF,0.551821208668038
7290,apache_cassandra,LIME,RF,0.0
7293,apache_cassandra,LIME,RF,0.0
7299,apache_cassandra,LIME,RF,0.0
7312,apache_cassandra,LIME,RF,0.0
7318,apache_cassandra,LIME,RF,0.5050560764846479
7325,apache_cassandra,LIME,RF,0.0
7266,apache_cassandra,LIME,RF,0.7227134230453381
7267,apache_cassandra,LIME,RF,0.5857818770404357
7333,apache_cassandra,LIME,RF,0.0
7348,apache_cassandra,LIME,RF,0.0
7351,apache_cassandra,LIME,RF,0.0
7338,apache_cassandra,LIME,RF,0.5974087652237637
7366,apache_cassandra,LIME,RF,0.5607908132304649
7369,apache_cassandra,LIME,RF,0.5050560764846479
7225,apache_cassandra,LIME,RF,0.3909506399265924
7377,apache_cassandra,LIME,RF,0.5142102682504287
7381,apache_cassandra,LIME,RF,0.0
7263,apache_cassandra,LIME,RF,0.5682670004225717
7376,apache_cassandra,LIME,RF,0.0
7413,apache_cassandra,LIME,RF,0.5302198938704082
7414,apache_cassandra,LIME,RF,0.0
7393,apache_cassandra,LIME,RF,0.5367860354541292
7423,apache_cassandra,LIME,RF,0.0
7425,apache_cassandra,LIME,RF,0.0
7432,apache_cassandra,LIME,RF,0.551821208668038
7434,apache_cassandra,LIME,RF,0.0
7274,apache_cassandra,LIME,RF,0.39105931847556796
7441,apache_cassandra,LIME,RF,0.0
7444,apache_cassandra,LIME,RF,0.8817520843589719
7448,apache_cassandra,LIME,RF,0.0
7281,apache_cassandra,LIME,RF,0.0
7464,apache_cassandra,LIME,RF,0.8241511427875439
7466,apache_cassandra,LIME,RF,0.0
7482,apache_cassandra,LIME,RF,0.0
7483,apache_cassandra,LIME,RF,0.0
7487,apache_cassandra,LIME,RF,0.0
7418,apache_cassandra,LIME,RF,0.6568899897423917
7492,apache_cassandra,LIME,RF,0.551821208668038
7496,apache_cassandra,LIME,RF,0.0
7497,apache_cassandra,LIME,RF,0.551821208668038
7502,apache_cassandra,LIME,RF,0.0
7506,apache_cassandra,LIME,RF,0.64245464300374
7508,apache_cassandra,LIME,RF,0.04203606084483281
7514,apache_cassandra,LIME,RF,0.0
7519,apache_cassandra,LIME,RF,0.7771649200220628
7520,apache_cassandra,LIME,RF,0.7771649200220628
7509,apache_cassandra,LIME,RF,0.0
7536,apache_cassandra,LIME,RF,0.0
7525,apache_cassandra,LIME,RF,0.7238657761169282
7539,apache_cassandra,LIME,RF,0.0
7543,apache_cassandra,LIME,RF,0.551821208668038
7451,apache_cassandra,LIME,RF,0.0
7560,apache_cassandra,LIME,RF,0.0
7567,apache_cassandra,LIME,RF,0.0
7570,apache_cassandra,LIME,RF,0.9427196994800157
7362,apache_cassandra,LIME,RF,0.8110490675800242
7609,apache_cassandra,LIME,RF,0.0
7547,apache_cassandra,LIME,RF,0.0349214191008534
7617,apache_cassandra,LIME,RF,0.551821208668038
7621,apache_cassandra,LIME,RF,0.0
7623,apache_cassandra,LIME,RF,0.0
7628,apache_cassandra,LIME,RF,0.5509984280715995
7631,apache_cassandra,LIME,RF,0.7771649200220628
7643,apache_cassandra,LIME,RF,0.8753447324875897
7646,apache_cassandra,LIME,RF,0.0
7653,apache_cassandra,LIME,RF,0.0
7656,apache_cassandra,LIME,RF,0.0
7659,apache_cassandra,LIME,RF,0.0
7665,apache_cassandra,LIME,RF,0.0
7673,apache_cassandra,LIME,RF,0.5050560764846479
7328,apache_cassandra,LIME,RF,0.39105931847556796
7676,apache_cassandra,LIME,RF,0.6538086303939964
7684,apache_cassandra,LIME,RF,0.0
7685,apache_cassandra,LIME,RF,0.0
7403,apache_cassandra,LIME,RF,0.39105931847556796
7692,apache_cassandra,LIME,RF,0.26070190530164944
7693,apache_cassandra,LIME,RF,0.0
7696,apache_cassandra,LIME,RF,0.5302198938704082
7435,apache_cassandra,LIME,RF,0.3892055033325167
7709,apache_cassandra,LIME,RF,0.0
7711,apache_cassandra,LIME,RF,0.0
7713,apache_cassandra,LIME,RF,0.0
7724,apache_cassandra,LIME,RF,0.0
7735,apache_cassandra,LIME,RF,0.7771649200220628
7705,apache_cassandra,LIME,RF,0.5533874447592744
7738,apache_cassandra,LIME,RF,0.551821208668038
7744,apache_cassandra,LIME,RF,0.0
7747,apache_cassandra,LIME,RF,0.0
7750,apache_cassandra,LIME,RF,0.8368130336263397
7752,apache_cassandra,LIME,RF,0.5050560764846479
7758,apache_cassandra,LIME,RF,0.0
7766,apache_cassandra,LIME,RF,0.551821208668038
7770,apache_cassandra,LIME,RF,0.0
7772,apache_cassandra,LIME,RF,0.0
7773,apache_cassandra,LIME,RF,0.0
7541,apache_cassandra,LIME,RF,0.3892055033325167
7781,apache_cassandra,LIME,RF,0.7771649200220628
7783,apache_cassandra,LIME,RF,0.0
7786,apache_cassandra,LIME,RF,0.0
7787,apache_cassandra,LIME,RF,0.0
7791,apache_cassandra,LIME,RF,0.0
7794,apache_cassandra,LIME,RF,0.551821208668038
7796,apache_cassandra,LIME,RF,0.551821208668038
7797,apache_cassandra,LIME,RF,0.0
7805,apache_cassandra,LIME,RF,0.0
7806,apache_cassandra,LIME,RF,0.5050560764846479
7808,apache_cassandra,LIME,RF,0.0
7813,apache_cassandra,LIME,RF,0.7771649200220628
7814,apache_cassandra,LIME,RF,0.6437517823552477
7815,apache_cassandra,LIME,RF,0.551821208668038
7825,apache_cassandra,LIME,RF,0.7771649200220628
7827,apache_cassandra,LIME,RF,0.0
7834,apache_cassandra,LIME,RF,0.0
7837,apache_cassandra,LIME,RF,0.0
7846,apache_cassandra,LIME,RF,0.5361978039211411
7610,apache_cassandra,LIME,RF,0.5682670004225717
7675,apache_cassandra,LIME,RF,0.3892055033325167
7863,apache_cassandra,LIME,RF,0.0
7868,apache_cassandra,LIME,RF,0.0
7870,apache_cassandra,LIME,RF,0.0
7871,apache_cassandra,LIME,RF,0.6801746025508033
7875,apache_cassandra,LIME,RF,0.5050560764846479
7877,apache_cassandra,LIME,RF,0.45842496440778674
7881,apache_cassandra,LIME,RF,0.0
7894,apache_cassandra,LIME,RF,0.0
7896,apache_cassandra,LIME,RF,0.0
7897,apache_cassandra,LIME,RF,0.0
7573,apache_cassandra,LIME,RF,0.16901958022366423
7912,apache_cassandra,LIME,RF,0.0
7916,apache_cassandra,LIME,RF,0.0
7918,apache_cassandra,LIME,RF,0.7771649200220628
7928,apache_cassandra,LIME,RF,0.05920205920205926
7929,apache_cassandra,LIME,RF,0.0
7938,apache_cassandra,LIME,RF,0.3671630814487957
7900,apache_cassandra,LIME,RF,0.5652246981500351
7943,apache_cassandra,LIME,RF,0.0
7947,apache_cassandra,LIME,RF,0.551821208668038
7686,apache_cassandra,LIME,RF,0.0
7951,apache_cassandra,LIME,RF,0.0
7956,apache_cassandra,LIME,RF,0.0
7962,apache_cassandra,LIME,RF,0.0
7977,apache_cassandra,LIME,RF,0.7771649200220628
7993,apache_cassandra,LIME,RF,0.0
7995,apache_cassandra,LIME,RF,0.0
7950,apache_cassandra,LIME,RF,0.0
7996,apache_cassandra,LIME,RF,0.0
7858,apache_cassandra,LIME,RF,0.7222520812313715
8001,apache_cassandra,LIME,RF,0.0
8005,apache_cassandra,LIME,RF,0.7771649200220628
8008,apache_cassandra,LIME,RF,0.0
8025,apache_cassandra,LIME,RF,0.0
8032,apache_cassandra,LIME,RF,0.661334804191947
8000,apache_cassandra,LIME,RF,0.45842496440778674
8042,apache_cassandra,LIME,RF,0.0
8044,apache_cassandra,LIME,RF,0.0
8048,apache_cassandra,LIME,RF,0.0
8049,apache_cassandra,LIME,RF,0.0
8050,apache_cassandra,LIME,RF,0.7771649200220628
8034,apache_cassandra,LIME,RF,0.0
7774,apache_cassandra,LIME,RF,0.7592502991201446
8056,apache_cassandra,LIME,RF,1.0
8058,apache_cassandra,LIME,RF,0.7771649200220628
8065,apache_cassandra,LIME,RF,0.64245464300374
8068,apache_cassandra,LIME,RF,0.551821208668038
8072,apache_cassandra,LIME,RF,0.7672828494171685
7736,apache_cassandra,LIME,RF,0.3892055033325167
8078,apache_cassandra,LIME,RF,0.0
8074,apache_cassandra,LIME,RF,0.551821208668038
7942,apache_cassandra,LIME,RF,0.5354332786135254
8085,apache_cassandra,LIME,RF,0.0
8086,apache_cassandra,LIME,RF,0.05920205920205926
8088,apache_cassandra,LIME,RF,0.0
8090,apache_cassandra,LIME,RF,0.551821208668038
8091,apache_cassandra,LIME,RF,0.0
8052,apache_cassandra,LIME,RF,0.5367860354541292
8093,apache_cassandra,LIME,RF,0.5163381252769039
7856,apache_cassandra,LIME,RF,0.0
8101,apache_cassandra,LIME,RF,0.0
8105,apache_cassandra,LIME,RF,0.0
8106,apache_cassandra,LIME,RF,0.0
8111,apache_cassandra,LIME,RF,0.0
8114,apache_cassandra,LIME,RF,0.3671630814487957
8121,apache_cassandra,LIME,RF,0.05920205920205926
8123,apache_cassandra,LIME,RF,0.0
8097,apache_cassandra,LIME,RF,0.0
8136,apache_cassandra,LIME,RF,0.0
8141,apache_cassandra,LIME,RF,0.45842496440778674
8146,apache_cassandra,LIME,RF,0.900827256894027
8147,apache_cassandra,LIME,RF,0.0
8153,apache_cassandra,LIME,RF,0.0
7997,apache_cassandra,LIME,RF,0.7592502991201446
8051,apache_cassandra,LIME,RF,0.7227134230453381
8083,apache_cassandra,LIME,RF,0.7227134230453381
8082,apache_cassandra,LIME,RF,0.7592502991201446
8137,apache_cassandra,LIME,RF,0.5857818770404357
8094,apache_cassandra,LIME,RF,0.4484187653907917
6913,apache_cassandra,LIME,RF,0.5948901327649603
6554,apache_groovy,LIME,RF,0.0
6625,apache_groovy,LIME,RF,0.75
6636,apache_groovy,LIME,RF,0.5
6699,apache_groovy,LIME,RF,1.0
6672,apache_groovy,LIME,RF,0.1322580645161289
6789,apache_groovy,LIME,RF,1.0
6836,apache_groovy,LIME,RF,1.0
6928,apache_groovy,LIME,RF,1.0
6984,apache_groovy,LIME,RF,0.6754540663703382
7153,apache_groovy,LIME,RF,0.0
7014,apache_groovy,LIME,RF,0.2713978494623662
7162,apache_groovy,LIME,RF,0.6682494049565377
7192,apache_groovy,LIME,RF,0.1322580645161289
7575,apache_groovy,LIME,RF,1.0
7639,apache_groovy,LIME,RF,0.0
7389,apache_groovy,LIME,RF,0.2713978494623662
7963,apache_groovy,LIME,RF,0.0
7968,apache_groovy,LIME,RF,0.0
7097,apache_groovy,LIME,RF,0.0
2329,apache_hadoop-hdfs,LIME,RF,1.0
2328,apache_hadoop-hdfs,LIME,RF,1.0
2332,apache_hadoop-hdfs,LIME,RF,0.5286233801754563
2335,apache_hadoop-hdfs,LIME,RF,1.0
2334,apache_hadoop-hdfs,LIME,RF,0.36004637118376875
2333,apache_hadoop-hdfs,LIME,RF,0.387957057847255
2340,apache_hadoop-hdfs,LIME,RF,1.0
2331,apache_hadoop-hdfs,LIME,RF,0.6980043135590531
2339,apache_hadoop-hdfs,LIME,RF,0.04953549637017783
2336,apache_hadoop-hdfs,LIME,RF,0.49099790135393956
2341,apache_hadoop-hdfs,LIME,RF,0.32677649428704114
2346,apache_hadoop-hdfs,LIME,RF,0.5286233801754563
2348,apache_hadoop-hdfs,LIME,RF,1.0
2343,apache_hadoop-hdfs,LIME,RF,0.2901981298135497
2337,apache_hadoop-hdfs,LIME,RF,0.7891233225828788
2349,apache_hadoop-hdfs,LIME,RF,0.32677649428704114
2353,apache_hadoop-hdfs,LIME,RF,0.3406839733053649
2338,apache_hadoop-hdfs,LIME,RF,0.743576758725299
2355,apache_hadoop-hdfs,LIME,RF,0.4778386858817089
2326,apache_hadoop-hdfs,LIME,RF,0.7891233225828788
2358,apache_hadoop-hdfs,LIME,RF,1.0
2359,apache_hadoop-hdfs,LIME,RF,0.3790985617484454
2360,apache_hadoop-hdfs,LIME,RF,1.0
2354,apache_hadoop-hdfs,LIME,RF,0.0
2363,apache_hadoop-hdfs,LIME,RF,1.0
2364,apache_hadoop-hdfs,LIME,RF,0.7488936958251307
2350,apache_hadoop-hdfs,LIME,RF,0.4131676665540791
2325,apache_hadoop-hdfs,LIME,RF,0.868556388243896
2367,apache_hadoop-hdfs,LIME,RF,1.0
2345,apache_hadoop-hdfs,LIME,RF,0.602128692883592
2370,apache_hadoop-hdfs,LIME,RF,0.3958827168791704
2371,apache_hadoop-hdfs,LIME,RF,1.0
2356,apache_hadoop-hdfs,LIME,RF,0.5294235661845306
2352,apache_hadoop-hdfs,LIME,RF,0.3412920186970076
2373,apache_hadoop-hdfs,LIME,RF,0.33669650297207115
2375,apache_hadoop-hdfs,LIME,RF,0.36089648740107416
2361,apache_hadoop-hdfs,LIME,RF,0.65857587520483
2377,apache_hadoop-hdfs,LIME,RF,0.6922601739972779
2372,apache_hadoop-hdfs,LIME,RF,0.40218244137165093
2344,apache_hadoop-hdfs,LIME,RF,0.9553116508839947
2376,apache_hadoop-hdfs,LIME,RF,0.42942541333490414
2366,apache_hadoop-hdfs,LIME,RF,0.5265074826722859
2365,apache_hadoop-hdfs,LIME,RF,0.6114290528208672
2383,apache_hadoop-hdfs,LIME,RF,1.0
2384,apache_hadoop-hdfs,LIME,RF,1.0
2385,apache_hadoop-hdfs,LIME,RF,1.0
2386,apache_hadoop-hdfs,LIME,RF,0.4778386858817089
2382,apache_hadoop-hdfs,LIME,RF,0.3625568907179895
2379,apache_hadoop-hdfs,LIME,RF,0.40218244137165093
2381,apache_hadoop-hdfs,LIME,RF,0.40218244137165093
2380,apache_hadoop-hdfs,LIME,RF,0.37603975498280995
2369,apache_hadoop-hdfs,LIME,RF,0.7423775628246664
2378,apache_hadoop-hdfs,LIME,RF,0.5409660910750971
2389,apache_hadoop-hdfs,LIME,RF,0.6897796225654169
2374,apache_hadoop-hdfs,LIME,RF,0.7423775628246664
2388,apache_hadoop-hdfs,LIME,RF,0.6114290528208672
2391,apache_hadoop-hdfs,LIME,RF,0.5714043520670079
2390,apache_hadoop-hdfs,LIME,RF,0.5409660910750971
2401,apache_hadoop-hdfs,LIME,RF,0.8488564789950507
2392,apache_hadoop-hdfs,LIME,RF,0.7032909082815743
2394,apache_hadoop-hdfs,LIME,RF,0.7032909082815743
2393,apache_hadoop-hdfs,LIME,RF,1.0
2397,apache_hadoop-hdfs,LIME,RF,0.7032909082815743
2404,apache_hadoop-hdfs,LIME,RF,0.6738633327877911
2396,apache_hadoop-hdfs,LIME,RF,0.7423775628246664
2399,apache_hadoop-hdfs,LIME,RF,0.7032909082815743
2400,apache_hadoop-hdfs,LIME,RF,0.6675332614762539
2412,apache_hadoop-hdfs,LIME,RF,0.6512461025234076
2403,apache_hadoop-hdfs,LIME,RF,0.5070329659712849
2402,apache_hadoop-hdfs,LIME,RF,0.5409660910750971
2415,apache_hadoop-hdfs,LIME,RF,1.0
2410,apache_hadoop-hdfs,LIME,RF,0.5853735443031001
2407,apache_hadoop-hdfs,LIME,RF,0.5963040215953994
2413,apache_hadoop-hdfs,LIME,RF,0.6114460025810402
2414,apache_hadoop-hdfs,LIME,RF,0.5092775636386528
2405,apache_hadoop-hdfs,LIME,RF,0.4774441333093697
2420,apache_hadoop-hdfs,LIME,RF,0.5434121349782868
2417,apache_hadoop-hdfs,LIME,RF,0.5726042736505496
2424,apache_hadoop-hdfs,LIME,RF,1.0
2411,apache_hadoop-hdfs,LIME,RF,0.7777243629103459
2426,apache_hadoop-hdfs,LIME,RF,0.6087514899758389
2406,apache_hadoop-hdfs,LIME,RF,0.7560397561784332
2428,apache_hadoop-hdfs,LIME,RF,1.0
2430,apache_hadoop-hdfs,LIME,RF,1.0
2418,apache_hadoop-hdfs,LIME,RF,0.6285483690710714
2416,apache_hadoop-hdfs,LIME,RF,1.0
2434,apache_hadoop-hdfs,LIME,RF,0.0
2419,apache_hadoop-hdfs,LIME,RF,0.7400246704999884
2436,apache_hadoop-hdfs,LIME,RF,0.6945156111693473
2435,apache_hadoop-hdfs,LIME,RF,0.7141213297872597
2438,apache_hadoop-hdfs,LIME,RF,0.3958827168791704
2431,apache_hadoop-hdfs,LIME,RF,0.7400246704999884
2439,apache_hadoop-hdfs,LIME,RF,0.6897796225654169
2441,apache_hadoop-hdfs,LIME,RF,0.6438261127957873
2440,apache_hadoop-hdfs,LIME,RF,0.5772397271101467
2427,apache_hadoop-hdfs,LIME,RF,0.7644949631817742
2421,apache_hadoop-hdfs,LIME,RF,0.7032909082815743
2425,apache_hadoop-hdfs,LIME,RF,0.7032909082815743
2448,apache_hadoop-hdfs,LIME,RF,1.0
2422,apache_hadoop-hdfs,LIME,RF,0.7423775628246664
2451,apache_hadoop-hdfs,LIME,RF,0.5286233801754563
2437,apache_hadoop-hdfs,LIME,RF,0.5486782744710328
2433,apache_hadoop-hdfs,LIME,RF,0.71369363582427
2445,apache_hadoop-hdfs,LIME,RF,0.4233650955054079
2454,apache_hadoop-hdfs,LIME,RF,0.6285483690710714
2458,apache_hadoop-hdfs,LIME,RF,0.5467888433172786
2459,apache_hadoop-hdfs,LIME,RF,1.0
2450,apache_hadoop-hdfs,LIME,RF,0.5409660910750971
2465,apache_hadoop-hdfs,LIME,RF,0.514948211077326
2467,apache_hadoop-hdfs,LIME,RF,1.0
2442,apache_hadoop-hdfs,LIME,RF,0.6797613919018755
2444,apache_hadoop-hdfs,LIME,RF,0.7032909082815743
2457,apache_hadoop-hdfs,LIME,RF,0.6054664869246322
2447,apache_hadoop-hdfs,LIME,RF,0.7704970003883063
2473,apache_hadoop-hdfs,LIME,RF,1.0
2474,apache_hadoop-hdfs,LIME,RF,0.5286233801754563
2464,apache_hadoop-hdfs,LIME,RF,0.6054664869246322
2452,apache_hadoop-hdfs,LIME,RF,0.624517249264368
2477,apache_hadoop-hdfs,LIME,RF,0.5286233801754563
2456,apache_hadoop-hdfs,LIME,RF,0.7032909082815743
2468,apache_hadoop-hdfs,LIME,RF,0.1827450670683388
2480,apache_hadoop-hdfs,LIME,RF,1.0
9361,apache_flink,LIME,RF,0.05569205569205568
9370,apache_flink,LIME,RF,0.05569205569205568
9376,apache_flink,LIME,RF,0.0
9378,apache_flink,LIME,RF,0.05569205569205568
9384,apache_flink,LIME,RF,0.05569205569205568
9374,apache_flink,LIME,RF,0.5
9397,apache_flink,LIME,RF,0.02784602784602784
9403,apache_flink,LIME,RF,0.02784602784602784
9396,apache_flink,LIME,RF,0.17104439761993817
9393,apache_flink,LIME,RF,0.471212454416243
9406,apache_flink,LIME,RF,0.05569205569205568
9417,apache_flink,LIME,RF,0.02784602784602784
9430,apache_flink,LIME,RF,0.22620802620802619
9400,apache_flink,LIME,RF,0.5
9438,apache_flink,LIME,RF,0.06809671531841328
9445,apache_flink,LIME,RF,0.0
9450,apache_flink,LIME,RF,0.13134759696248258
9432,apache_flink,LIME,RF,0.75
9465,apache_flink,LIME,RF,0.17104439761993817
9491,apache_flink,LIME,RF,0.05569205569205568
9513,apache_flink,LIME,RF,0.02784602784602784
9489,apache_flink,LIME,RF,0.25
9473,apache_flink,LIME,RF,0.75
9536,apache_flink,LIME,RF,0.0
9498,apache_flink,LIME,RF,1.0
9557,apache_flink,LIME,RF,0.05569205569205568
9533,apache_flink,LIME,RF,0.5
9532,apache_flink,LIME,RF,0.5325385290837426
9551,apache_flink,LIME,RF,1.0
9579,apache_flink,LIME,RF,0.0
9558,apache_flink,LIME,RF,0.75
9606,apache_flink,LIME,RF,1.0
9597,apache_flink,LIME,RF,1.0
9582,apache_flink,LIME,RF,0.6256915159960972
9617,apache_flink,LIME,RF,0.16871416871416867
9616,apache_flink,LIME,RF,1.0
9630,apache_flink,LIME,RF,0.05569205569205568
9655,apache_flink,LIME,RF,0.05569205569205568
9680,apache_flink,LIME,RF,0.05569205569205568
9685,apache_flink,LIME,RF,0.08746928746928745
9552,apache_flink,LIME,RF,0.7894597453089091
9711,apache_flink,LIME,RF,0.18428915854909306
9719,apache_flink,LIME,RF,0.2943553947163059
9750,apache_flink,LIME,RF,0.5325385290837426
9763,apache_flink,LIME,RF,0.5325385290837426
9812,apache_flink,LIME,RF,1.0
9822,apache_flink,LIME,RF,0.22620802620802619
9824,apache_flink,LIME,RF,0.0
9836,apache_flink,LIME,RF,0.34018860137850104
9844,apache_flink,LIME,RF,1.0
9564,apache_flink,LIME,RF,0.7047714935697649
9862,apache_flink,LIME,RF,0.2527495599573477
9877,apache_flink,LIME,RF,0.5
9872,apache_flink,LIME,RF,0.75
9892,apache_flink,LIME,RF,0.12416052416052413
9900,apache_flink,LIME,RF,0.0
9910,apache_flink,LIME,RF,0.0
9909,apache_flink,LIME,RF,0.47270612345053964
9942,apache_flink,LIME,RF,0.36165221843262196
9561,apache_flink,LIME,RF,0.7047714935697649
9963,apache_flink,LIME,RF,0.0
9970,apache_flink,LIME,RF,0.02784602784602784
9979,apache_flink,LIME,RF,0.02167872959574955
9982,apache_flink,LIME,RF,0.9097619670880547
9753,apache_flink,LIME,RF,0.7457583731772252
10008,apache_flink,LIME,RF,0.3942224631058553
10017,apache_flink,LIME,RF,0.7785214363650061
10029,apache_flink,LIME,RF,0.3995816623555899
10054,apache_flink,LIME,RF,0.0
10064,apache_flink,LIME,RF,0.7941754530327936
10089,apache_flink,LIME,RF,0.05569205569205568
10092,apache_flink,LIME,RF,1.0
10093,apache_flink,LIME,RF,0.05569205569205568
10094,apache_flink,LIME,RF,0.12416052416052413
10096,apache_flink,LIME,RF,0.02784602784602784
10105,apache_flink,LIME,RF,0.05569205569205568
10108,apache_flink,LIME,RF,0.75
10109,apache_flink,LIME,RF,0.12416052416052413
10112,apache_flink,LIME,RF,0.6291138548686639
10118,apache_flink,LIME,RF,1.0
9781,apache_flink,LIME,RF,0.5485607024948038
10161,apache_flink,LIME,RF,0.0
10163,apache_flink,LIME,RF,0.75
10189,apache_flink,LIME,RF,0.31990171990171984
10192,apache_flink,LIME,RF,0.0
10193,apache_flink,LIME,RF,0.4886956119180047
10196,apache_flink,LIME,RF,0.0
10201,apache_flink,LIME,RF,0.4645372645372645
10209,apache_flink,LIME,RF,0.05569205569205568
10210,apache_flink,LIME,RF,0.47071351146965634
10217,apache_flink,LIME,RF,0.02784602784602784
10225,apache_flink,LIME,RF,0.5936021706305759
10250,apache_flink,LIME,RF,0.9097619670880547
10257,apache_flink,LIME,RF,0.6276180152928752
10258,apache_flink,LIME,RF,1.0
10319,apache_flink,LIME,RF,0.16871416871416867
10325,apache_flink,LIME,RF,0.47071351146965634
10327,apache_flink,LIME,RF,0.4645372645372645
10376,apache_flink,LIME,RF,0.3880864158510341
10143,apache_flink,LIME,RF,0.3192780535051056
10403,apache_flink,LIME,RF,0.08746928746928745
10447,apache_flink,LIME,RF,0.75
10470,apache_flink,LIME,RF,0.8393877055091254
10483,apache_flink,LIME,RF,0.5
10490,apache_flink,LIME,RF,0.05569205569205568
9949,apache_flink,LIME,RF,0.7379290359928047
10577,apache_flink,LIME,RF,0.23116531486694503
10380,apache_flink,LIME,RF,0.5377480056941735
10753,apache_flink,LIME,RF,0.0
9911,apache_flink,LIME,RF,0.6291741009638846
10893,apache_flink,LIME,RF,0.3276450007225392
10900,apache_flink,LIME,RF,0.6135203401906825
10916,apache_flink,LIME,RF,0.05569205569205568
10958,apache_flink,LIME,RF,0.13134759696248258
10996,apache_flink,LIME,RF,0.02784602784602784
9356,apache_flink,LIME,RF,0.8101870403650118
11104,apache_flink,LIME,RF,0.12416052416052413
11137,apache_flink,LIME,RF,0.16871416871416867
11148,apache_flink,LIME,RF,0.16871416871416867
11151,apache_flink,LIME,RF,0.18428915854909306
11156,apache_flink,LIME,RF,0.05569205569205568
11159,apache_flink,LIME,RF,0.36165221843262196
11249,apache_flink,LIME,RF,0.0
11268,apache_flink,LIME,RF,0.6276180152928752
11271,apache_flink,LIME,RF,0.6374006992264628
11278,apache_flink,LIME,RF,0.0
11301,apache_flink,LIME,RF,0.41940449269856334
11304,apache_flink,LIME,RF,1.0
9586,apache_flink,LIME,RF,0.6277550800367863
11346,apache_flink,LIME,RF,0.5216121214565819
9704,apache_flink,LIME,RF,0.7238794724188556
11389,apache_flink,LIME,RF,0.12416052416052413
11390,apache_flink,LIME,RF,0.0
11391,apache_flink,LIME,RF,0.16871416871416867
11422,apache_flink,LIME,RF,0.12416052416052413
11475,apache_flink,LIME,RF,0.7053147847006707
11496,apache_flink,LIME,RF,0.05569205569205568
10006,apache_flink,LIME,RF,0.8733487336865933
11616,apache_flink,LIME,RF,0.34018860137850104
11386,apache_flink,LIME,RF,0.6121073643426652
11578,apache_flink,LIME,RF,0.5617070105412861
11022,apache_flink,LIME,RF,0.354878278563332
10741,apache_flink,LIME,RF,0.6563097563419844
10740,apache_flink,LIME,RF,0.8402031683206563
10818,apache_flink,LIME,RF,0.8729454931402224
11334,apache_flink,LIME,RF,0.6060199862624681
